frame,x,y,ankle_angle,knee_angle,hip_flag,point_type
0,208.53198,172.92279,138.08172143662878,146.15431,0,2
1,205.6377,168.55843,142.2705659522068,142.93169,0,2
2,203.44121,168.1399,141.94931862188267,140.28406,0,2
3,203.67047,167.9977,142.3506896894576,139.74168,0,2
4,199.62057,165.30624,143.5063350861769,137.20018,0,2
5,199.97592,164.92392,145.51485982858276,133.07835,0,2
6,199.73778,164.77516,145.4948096034717,133.1289,0,2
7,199.70572,164.74263,145.51919081226924,133.10799,0,2
8,197.78976,163.92505,148.67893355570308,127.67635,0,2
9,198.1484,164.29753,148.83228329790836,127.662186,0,2
10,197.93135,164.13052,148.7739212997564,127.65728,0,2
11,196.25156,163.82143,149.29731967101515,120.107994,1,3
12,194.39026,159.86334,149.08172604737368,116.90069,1,3
13,195.19963,159.4242,149.47058810750264,116.86704,1,3
14,192.47554,168.40463,143.20133064267907,124.14036,1,3
15,192.26985,163.79865,146.6823903301288,117.768135,1,3
16,192.04239,163.70267,146.3726187154963,117.54379,1,3
17,192.21991,163.65567,146.33490908897136,117.60723,1,3
18,182.61954,174.14064,136.12260244703452,121.86625,1,3
19,182.35901,173.36765,136.3937017884254,121.51694,1,3
20,182.89621,172.24174,137.02112423989954,121.46008,1,3
21,172.9965,176.03503,132.47401426380998,115.98166,1,3
22,173.11159,179.21056,130.95156797969267,119.52395,1,3
23,173.00089,179.39534,130.66388869151274,119.86734,1,3
24,170.98961,183.6594,127.76659674822652,122.02587,1,3
25,165.7613,181.19998,125.62752966767695,122.32232,1,3
26,165.1216,180.04845,126.01504186951684,121.623886,1,3
27,165.21237,180.16878,126.01921340512905,121.718475,1,3
28,158.83461,178.07442,122.87169855300019,120.947655,1,3
29,159.00993,177.62555,123.4764248745564,120.12331,1,3
30,158.93353,177.61203,123.03270906203616,120.93894,1,3
31,152.88487,177.42172,117.03255595701603,127.94061,1,5
32,146.74231,176.45245,112.51368860704433,129.57147,1,5
33,143.6826,178.43063,111.37929116725137,129.29494,1,5
34,145.43712,178.05098,111.58658743122729,128.53331,1,5
35,142.41812,178.55681,109.12768643454496,128.92166,1,5
36,139.50972,182.06534,106.12127486547344,133.68758,1,5
37,139.56236,182.03851,106.18398760136311,133.56598,1,5
38,133.40388,184.02266,102.64403916137249,136.39302,1,5
39,133.41614,183.89929,102.7625836032073,136.48917,1,5
40,133.56355,183.90147,102.9690518810913,136.17625,1,5
41,116.84935,186.13306,93.16220433487193,142.02818,1,5
42,116.51163,186.12207,92.9468892836378,142.39754,1,5
43,116.369835,186.18408,92.81372157648643,142.55957,1,5
44,116.37115,186.07239,92.91164709198459,142.31833,1,5
45,107.93742,183.35587,83.96799975870042,149.6059,1,5
46,108.13655,183.62854,84.06234361669267,149.78696,1,5
47,108.20245,183.49255,84.11012573389056,149.74492,1,5
48,103.25814,183.35068,77.56411067018789,157.23805,1,5
49,104.48513,184.51404,79.3124500166077,156.69727,1,5
50,104.47046,184.48224,79.4617504729122,156.51921,1,5
51,103.75307,183.39508,79.76174833314289,155.66164,1,5
52,102.707596,182.25601,79.14923691956064,156.1865,1,5
53,103.03889,182.22418,79.81392074677123,155.28697,1,5
54,103.052826,182.35886,79.76156266941877,155.45503,1,5
55,101.62191,183.4549,76.30938673310001,160.68643,1,5
56,101.031906,183.49504,75.732063216437,161.00148,1,5
57,101.04788,183.53932,75.76621669324673,161.05176,1,5
58,101.40794,181.7204,76.5643755885418,158.24364,1,5
59,101.25088,180.54054,75.68249305606092,158.04784,1,5
60,103.54797,180.54393,77.38518741399032,157.3507,1,5
61,104.62138,179.5676,79.00250028952013,157.11809,1,5
62,104.68712,184.19118,78.24597831039712,159.04501,1,5
63,104.496574,183.95306,77.89992813537312,159.31953,1,5
64,104.678604,183.87106,77.9263926717561,159.3873,1,5
65,106.70957,186.55309,79.18020641702404,156.87985,1,5
66,106.74591,186.77304,79.10532195987014,157.2765,1,5
67,106.828964,186.74724,79.15487089967573,157.2898,1,5
68,115.80269,184.29782,90.38476661991159,145.34987,1,5
69,122.895515,192.02054,93.32658390479789,148.32149,1,5
70,122.70312,192.34932,92.91097964743813,148.73653,1,5
71,126.27214,190.46733,95.9596308684994,146.14395,1,5
72,126.943214,185.5695,102.64975730076601,136.31172,1,5
73,126.968155,185.7104,102.47893223318428,136.70183,1,5
74,126.9547,185.71265,102.49757576857121,136.67096,1,5
75,138.82176,184.63599,111.91009891811534,129.44226,1,5
76,136.22374,190.94975,107.69184143633737,135.67291,1,5
77,136.27475,190.99019,107.7865561644653,135.62096,1,5
78,139.31467,188.17838,108.5561442271404,132.16008,1,5
79,146.47775,186.92242,114.55199717780717,128.65111,1,5
80,146.98555,187.05508,115.10909665290842,128.50871,1,5
81,150.08015,186.50397,116.57672934575842,128.85121,1,5
82,156.97736,188.1152,119.21987004761185,129.50597,1,4
83,157.02507,187.31416,119.52944763065763,128.61224,1,4
84,154.69202,186.79979,117.57659397388018,128.31203,1,4
85,163.3771,186.38393,123.55013280714762,123.60516,1,3
86,162.50027,186.63643,122.62649974055081,124.60196,1,3
87,162.54611,186.53682,122.66479882658336,124.67751,1,3
88,167.57782,190.47218,124.70328545575295,121.27295,1,3
89,164.5968,188.54053,122.7281867615228,124.70691,1,3
90,164.34521,188.06998,122.78609502275542,124.291306,1,3
91,164.34372,188.06969,122.78018470498817,124.294174,1,3
92,168.37158,186.62778,124.25564685162043,125.90011,1,3
93,169.37872,187.55176,124.37475660144035,126.69793,1,4
94,169.65866,187.79385,124.42976453631368,126.83105,1,4
95,185.6362,191.78801,123.52759801605762,143.72313,1,4
96,185.72464,191.84746,123.6682703810376,144.68263,1,4
97,185.72781,191.8388,123.68248569313553,144.68306,1,4
98,186.61526,192.2585,122.92012308565597,146.27855,1,4
99,191.23346,193.31244,123.02482711420258,150.73586,0,2
100,191.39563,193.17375,123.0857421543793,150.5164,0,2
101,191.44493,193.35495,123.15688891519828,150.29132,0,2
102,197.41402,194.51242,123.17597803095545,156.45575,0,2
103,197.30235,194.49083,123.1639219079172,156.32394,0,2
104,197.33195,194.66045,123.12124716526311,156.40623,0,2
105,199.18106,192.07367,121.26777112217366,162.25089,0,1
106,201.05354,191.76389,121.59499808235365,162.04831,0,1
107,201.13853,191.85124,121.62509343778994,162.1591,0,1
108,202.16003,190.87608,121.102724497245,163.53236,0,1
109,202.82803,189.61157,120.38144671243255,164.43289,0,1
110,203.06099,189.52016,120.5985703792887,164.07628,0,1
111,203.06775,189.54176,120.58977867769002,164.08534,0,1
112,205.97311,187.74489,122.90175232334711,164.27917,0,1
113,205.67255,188.00775,121.68565451010909,166.63766,0,1
114,205.64958,187.96817,121.68034907440126,166.6506,0,1
115,208.0131,184.59326,125.68810086394896,162.57066,0,2
116,207.83556,185.1487,124.75522738236349,163.04826,0,2
117,207.63257,185.21141,124.67399213141339,163.00586,0,2
118,207.90561,182.9036,126.2018842757221,162.21573,0,2
119,207.46323,181.23064,128.0269270951268,159.65363,0,2
120,208.27286,181.91574,127.49595289706777,160.05853,0,2
121,208.19652,181.88548,127.40918362593786,160.11652,0,2
122,209.96346,179.36978,131.25676739365335,154.83932,0,2
123,210.033,179.53726,131.0913875515648,155.06989,0,2
124,210.01028,179.51903,131.05146054917228,155.15065,0,2
125,205.23718,176.11365,133.9831857486385,148.46881,0,2
126,206.57487,176.07446,135.1311594980092,145.26709,0,2
127,206.65735,176.23514,135.1839773149649,145.50151,0,2
128,204.20982,174.46016,135.86471230701736,143.6721,0,2
129,202.58203,171.29735,138.7538823967598,138.89168,0,2
130,202.63882,171.28662,138.70611520631903,138.89415,0,2
131,202.63704,171.3865,138.6668264434327,138.99493,0,2
132,200.62837,170.004,141.36179192640193,137.84427,0,2
133,200.5841,169.9895,141.29057017933076,137.92206,0,2
134,200.63881,169.9549,141.31570267494925,137.83986,0,2
135,195.636,165.59045,143.36360552482995,129.8433,0,2
136,195.19043,166.12225,143.93601352082032,127.16813,0,2
137,195.13715,166.2539,144.07038243993645,127.048615,0,2
138,195.26491,170.93652,137.27661763450467,133.58472,0,2
139,191.28644,168.99496,138.34487497320637,128.78888,1,3
140,190.78275,168.8725,138.43994359434265,128.01694,1,3
141,190.76277,168.92096,138.37136936137853,128.30653,1,3
142,185.90657,169.78177,139.02732937969017,120.14757,1,3
143,182.89584,172.94928,136.98573913334926,118.97771,1,3
144,183.33136,173.12517,136.58841832173897,117.79803,1,3
145,175.65735,177.03777,131.94142593211433,117.04628,1,3
146,177.53183,176.26451,134.22715788275056,114.004,1,3
147,176.79037,175.99854,134.03411524112866,113.653885,1,3
148,176.89189,176.06734,134.0671578158998,113.8667,1,3
149,169.66966,183.80748,128.33157789304323,113.554565,1,3
150,170.28712,183.05032,128.96284765339783,112.99811,1,3
151,170.29312,183.04102,128.96150807680806,113.02246,1,3
152,164.70908,180.38147,125.17215749413887,117.22329,1,3
153,164.78868,180.12949,125.21324465057228,117.35154,1,3
154,164.87253,179.99136,125.36051363889925,117.26419,1,3
155,159.95824,178.12402,122.204401884223,120.64981,1,3
156,155.42923,174.95923,117.97557668141145,124.62145,1,3
157,155.47954,174.98218,117.99438718556347,124.78676,1,3
158,155.49043,174.97926,117.98795164378116,124.810974,1,3
159,178.32445,183.9903,121.86089254071081,135.81128,1,4
160,183.634,187.25278,121.22488201328032,143.0572,1,4
161,183.92377,187.30234,121.16131714203486,143.5766,1,4
162,142.86375,180.41394,105.5765999269455,132.14287,1,5
163,139.08136,182.3395,102.16709624133023,136.15797,1,5
164,140.88039,183.78735,103.23397879420857,134.41386,1,5
165,134.72623,181.92113,100.27970769773813,137.22353,1,5
166,127.85832,181.89334,97.90962936094623,135.6367,1,5
167,127.7876,182.4203,97.69474662455833,136.01007,1,5
168,127.22935,182.18488,98.58579594318572,134.2014,1,5
169,115.076584,181.66524,88.47722997960568,141.7225,1,5
170,114.86953,181.4917,88.33967869538466,142.00131,1,5
171,114.73619,181.54523,88.30792311491642,141.95973,1,5
172,111.84593,182.70447,83.39378369402345,150.51376,1,5
173,109.4534,184.05905,81.5489145959737,152.4435,1,5
174,109.00472,183.97374,81.52339572937298,152.15907,1,5
175,107.19494,182.61246,78.90960378206464,155.24168,1,5
176,104.145256,181.25629,75.03052693423211,156.85965,1,5
177,104.6163,181.34232,75.37591752011525,157.05165,1,5
178,104.653046,181.2836,75.41262938837879,156.89156,1,5
179,100.973526,183.30138,74.05857779688733,158.1104,1,5
180,102.77226,184.99896,75.28024015288868,159.52533,1,5
181,102.79579,185.08691,75.35175545126897,159.5173,1,5
182,101.741646,184.33147,74.82110449024007,159.17886,1,5
183,103.91624,185.01398,76.13503438259652,160.09302,1,5
184,103.88882,185.01994,76.11527352257129,160.04436,1,5
185,103.86393,185.03897,76.05474396638851,160.08728,1,5
186,105.2198,183.7923,78.7897041995823,154.5756,1,5
187,103.18047,182.67734,77.6261259795261,155.62775,1,5
188,103.24704,182.68674,77.64831524376513,155.63329,1,5
189,106.374176,181.94725,80.38107987197898,154.13199,1,5
190,107.81568,180.16245,81.18054085936352,154.37794,1,5
191,107.56014,180.25024,80.80404131121433,154.44312,1,5
192,105.97435,181.4141,76.76678512797235,157.13927,1,5
193,108.81209,181.60129,80.06039400678954,153.594,1,5
194,108.997246,181.686,80.34832209768116,153.24933,1,5
195,108.968185,181.67447,80.2285389835626,153.26396,1,5
196,117.01834,191.69322,87.45055545131179,154.29947,1,5
197,117.07593,191.60501,87.40869020186543,154.41182,1,5
198,117.31297,191.6541,87.5003945723832,154.4468,1,5
199,134.01668,185.58894,105.26951046307893,137.30746,1,5
200,128.85477,190.26808,98.7991896676257,143.06294,1,5
201,128.78633,189.93324,98.69980051271988,143.10101,1,5
202,129.9119,187.67455,99.3752439351017,141.4141,1,5
203,137.63416,187.53885,107.62848714583475,132.98015,1,5
204,137.62453,188.26964,107.1644403671398,134.71701,1,5
205,137.5912,188.25339,107.14206670004884,134.75876,1,5
206,139.45409,187.74525,106.84515644581171,134.99858,1,5
207,143.0212,188.27838,108.97441651092055,133.18324,1,5
208,142.75926,188.29526,108.66906011950825,133.66911,1,5
209,147.56424,188.89938,110.4589234524825,133.8287,1,5
210,150.60367,188.45706,111.4953462787988,132.60077,1,5
211,150.69704,188.67177,111.48495214639374,132.78867,1,5
212,153.38734,189.2425,112.15391644098776,133.67133,1,5
213,162.11453,186.85242,118.71777921126348,127.64425,1,4
214,162.2832,187.19327,118.85486659433505,127.39299,1,4
215,162.10638,187.2915,118.76187721327717,127.372665,1,4
216,166.52266,189.64285,121.0301940648948,124.832954,1,3
217,166.4808,189.62283,120.97348642723966,124.94075,1,3
218,166.47586,189.61148,120.96446922255872,124.963684,1,3
219,168.53125,187.19698,122.32415699748705,124.32662,1,3
220,175.43506,189.35995,123.52278452660939,130.52481,1,4
221,174.8542,189.0003,123.51985559817503,129.93405,1,4
222,174.55136,188.48972,123.54028642935641,129.6944,1,4
223,186.1629,193.09344,124.03074613577546,140.02365,1,4
224,186.24417,192.98181,124.05244511473555,140.09174,1,4
225,186.2057,192.89685,124.07220364055361,139.94786,1,4
226,189.64716,192.47989,124.06464678986357,142.7256,1,4
227,192.14098,191.63928,122.86949067376719,147.79631,0,2
228,191.53001,191.85101,123.27507248111566,147.56227,0,2
229,194.12596,192.89255,123.3678879336744,149.7346,0,2
230,197.85678,192.73871,122.45865222092874,155.0383,0,2
231,197.7922,192.74904,122.32709106774759,155.35356,0,2
232,197.74632,192.69609,122.23296527962447,155.45506,0,2
233,200.37437,191.36725,121.03553866566986,159.42358,0,1
234,200.39236,191.5278,120.85197701644624,160.19562,0,1
235,200.38345,191.47667,120.85707694493904,160.17851,0,1
236,205.90591,189.20181,123.1357973980931,160.1144,0,2
237,206.00726,189.29979,123.28534638738554,159.99649,0,2
238,206.04655,189.32712,123.35461142999687,159.7467,0,2
239,205.16452,188.83038,121.2664046975349,162.64653,0,1
240,208.07654,186.44357,122.6976031587699,164.73418,0,1
241,207.86404,186.33374,122.50702326812167,164.976,0,1
242,207.97142,186.43707,122.55637656659765,164.94266,0,1
243,209.23454,183.8663,124.42044913657945,163.59807,0,2
244,209.43906,183.86134,124.51990017804948,163.62285,0,2
245,209.66536,183.85605,124.65680223600933,163.53926,0,2
246,210.86,181.6763,126.45253736401202,162.63171,0,2
247,211.489,181.83167,127.84392809879309,160.76828,0,2
248,212.70615,181.22552,127.71104816465683,160.4637,0,2
249,212.41794,179.4506,128.66217770814222,159.25194,0,2
250,211.83377,175.12077,132.20789420833447,154.73999,0,2
251,212.07587,175.64142,132.27923669467697,155.03053,0,2
252,212.80983,176.06052,132.84238413028274,155.01543,0,2
253,210.715,172.66594,135.177160454434,151.25711,0,2
254,210.5436,172.4494,135.32020478350378,150.76595,0,2
255,210.62573,172.57886,135.31015191859083,150.83502,0,2
256,210.8733,170.73647,137.75101671121863,147.27472,0,2
257,211.21823,169.22873,141.01896617755935,143.04265,0,2
258,211.96854,169.24619,141.38610982612428,143.22507,0,2
259,209.47859,168.96135,141.67441882146667,142.61244,0,2
260,204.13199,168.46275,140.37245346613247,141.95865,0,2
261,203.5797,168.6774,140.0201565216006,141.891,0,2
262,203.55139,168.62186,140.02138434097117,141.91106,0,2
263,200.25992,164.04587,145.5909083514857,128.24887,0,2
264,200.80432,164.40594,145.7185160299525,126.55663,0,2
265,200.74364,164.5036,145.56473723396562,126.89921,0,2
266,200.85025,165.1265,145.98610661404115,124.97742,0,2
267,197.16904,166.70178,145.0118054404445,122.16773,1,3
268,196.84863,166.71277,145.0585915862074,122.050476,1,3
269,196.84236,166.88828,144.70846195251764,122.43268,1,3
270,192.32838,169.96996,136.82243771718714,128.47063,1,3
271,192.65826,170.14279,136.80296669362664,129.01878,1,4
272,192.96796,169.93504,137.26297834711448,128.41084,1,3
273,189.13481,168.33037,141.18982322353668,116.23842,1,3
274,187.90439,172.1756,141.34203527718736,113.39486,1,3
275,187.47974,173.50842,139.49509994651186,115.095634,1,3
276,183.30745,173.01907,137.15431163459695,115.740814,1,3
277,172.34286,182.21294,127.75871730691769,119.43048,1,3
278,172.56299,181.83823,127.86306272379102,119.08605,1,3
279,172.56352,181.7103,127.99732659104542,118.86381,1,3
280,175.9379,185.12439,125.44499641354986,123.69259,1,3
281,175.87482,185.02724,125.65719376814206,123.30616,1,3
282,175.91577,185.03726,125.73694941344756,123.214035,1,3
283,167.83609,176.94054,126.32593373781022,117.49964,1,3
284,167.99289,177.32907,126.9476746992533,117.340065,1,3
285,168.16353,177.6339,127.01361764979191,117.36537,1,3
286,165.27388,179.0239,124.9239109330922,119.45275,1,3
287,156.67612,177.41862,116.51727615329281,127.373405,1,5
288,154.64879,175.69128,116.3575059822238,125.37512,1,5
289,154.83324,175.81528,116.4438282002192,125.650696,1,5
290,150.78645,174.38086,110.7670877739636,127.229126,1,5
291,150.83003,174.51028,110.61282734636227,127.33617,1,5
292,150.66304,174.46114,110.632814284881,127.41583,1,5
293,143.1721,175.70035,106.44840027392198,127.3008,1,5
294,138.79266,180.16757,102.40547121405241,133.87204,1,5
295,139.04301,180.05344,102.77897338428511,133.38428,1,5
296,134.97461,180.70486,99.57848367372266,136.52829,1,5
297,127.33263,184.1785,94.20074296316814,141.95901,1,5
298,127.71502,184.3266,94.45044573742292,141.93134,1,5
299,127.8153,184.2671,94.40186589529613,142.07738,1,5
300,115.6956,185.6547,83.56888868320057,152.68967,1,5
301,115.73714,185.6333,83.58319253029246,152.68228,1,5
302,115.745255,185.69043,83.6196181243115,152.62717,1,5
303,114.215096,187.51263,81.91104177089434,156.4206,1,5
304,111.58008,186.58862,80.3356015900582,157.35265,1,5
305,111.25272,186.67908,79.90612205835033,157.65166,1,5
306,111.30994,186.66473,79.85567247912645,157.78493,1,5
307,108.30951,184.56973,77.97109006270794,157.99612,1,5
308,108.02204,184.81961,77.94003603494222,157.76321,1,5
309,108.10636,184.54712,78.01074831173109,157.60756,1,5
310,106.10614,184.62051,73.67592154241063,162.02611,1,5
311,106.33658,184.99866,74.04702740721059,161.93835,1,5
312,111.53134,180.80344,76.40307866502778,162.37053,1,5
313,107.64738,185.36633,74.09620607512063,163.8519,1,5
314,107.93821,184.30194,74.99695362044952,161.6348,1,5
315,108.197586,184.59163,75.06370972734116,161.63268,1,5
316,108.177185,184.64636,75.04496716128916,161.66754,1,5
317,112.40982,184.82565,79.94822077436132,157.80931,1,5
318,112.23321,185.05873,79.70235294494665,158.23758,1,5
319,112.42107,184.93562,79.92097850582176,158.03696,1,5
320,111.38404,185.01529,80.29594564371392,154.02992,1,5
321,111.30994,185.21945,80.54931431422767,154.01451,1,5
322,111.303955,185.21552,80.5442544456734,154.0159,1,5
323,113.34013,185.33037,83.07512495595388,152.12611,1,5
324,121.98654,187.87503,90.01057942306534,148.06023,1,5
325,122.01024,187.82112,90.06082702067562,147.96533,1,5
326,122.01506,187.80637,90.04160990802832,147.96815,1,5
327,131.72179,188.42647,101.47778977138427,137.42346,1,5
328,131.57343,188.521,101.07530610180169,137.94258,1,5
329,131.52258,188.60973,100.92499012076483,138.06725,1,5
330,137.05829,189.7402,103.7843741825484,137.48985,1,5
331,136.7503,189.59914,103.37353183260953,138.12375,1,5
332,136.93132,189.80331,103.6993111925528,137.92542,1,5
333,137.19069,189.2219,102.83544232672651,141.33826,1,5
334,147.60413,185.81363,109.70888332116283,132.98787,1,5
335,148.22536,185.58755,110.33141014244184,132.68317,1,5
336,147.24057,186.67899,110.15859375722435,133.98703,1,5
337,155.53647,189.88292,113.43393327974633,133.15617,1,5
338,155.56706,189.9401,113.67375935364015,133.08827,1,5
339,155.56253,189.93898,113.78280409673617,133.00151,1,5
340,161.6067,188.22136,117.08009559103316,131.48387,1,4
341,167.74301,189.3901,121.2768052052228,126.70354,1,4
342,168.40303,189.71645,121.63468348961236,126.58852,1,4
343,169.47906,187.42102,122.92729180877929,124.19238,1,3
344,173.36276,188.5976,124.06080059930136,122.65369,1,3
345,173.39363,188.63776,123.9674654321136,122.945404,1,3
346,173.382,188.578,123.9597573200996,122.96674,1,3
347,172.98294,183.33029,124.72882018325676,123.71376,1,3
348,179.92886,194.75821,124.2721055023013,130.23346,1,4
349,179.92532,194.72021,124.27815588887111,130.20975,1,4
350,182.64252,195.78174,123.17570057868703,135.25417,1,4
351,191.35748,193.28949,124.69856243663949,139.03358,1,4
352,190.99863,193.27388,124.60097627023471,138.688,1,4
353,190.98137,193.21463,124.56870804713367,138.80638,1,4
354,196.06218,192.4822,123.86799710123385,143.82191,1,4
355,195.72134,192.59795,123.81452063725807,143.84637,1,4
356,195.7659,192.59003,123.88138173444378,143.75017,1,4
357,199.48312,192.28317,120.91404193713086,153.96335,0,2
358,199.42412,192.29831,120.86583338303163,154.10301,0,2
359,199.48996,192.24266,120.90802747636553,154.05647,0,2
360,201.55875,192.13026,120.64579182140739,158.75623,0,1
361,205.4678,191.95612,121.34164746006195,159.98831,0,1
362,205.59398,191.63922,121.7375489989831,159.44812,0,1
363,205.67647,191.22679,121.75761687755877,159.52094,0,1
364,207.3801,188.97073,120.83519928977427,165.88803,0,1
365,207.23727,188.92178,120.53066566121069,166.33722,0,1
366,207.21207,189.00111,120.49197316168441,166.36768,0,1
367,210.01639,188.4251,120.97982765723798,166.75133,0,1
368,210.899,188.36652,121.38128950870623,165.60011,0,1
369,210.6511,188.39699,121.29159484010736,166.03876,0,1
370,213.23595,186.5501,123.40537729394926,165.0659,0,1
371,213.56902,185.21773,124.22321004920443,164.86787,0,1
372,213.50389,183.87231,124.79177251718542,164.58983,0,1
373,213.31633,183.84985,124.69467040625523,164.64294,0,1
374,215.87894,182.02602,127.33504266737465,158.8182,0,2
375,215.88545,182.10536,127.13378737579421,159.018,0,2
376,215.87851,182.07033,127.1342543012531,159.03653,0,2
377,214.18744,178.02446,130.89498029615436,154.67372,0,2
378,213.94955,177.6777,130.9641305108849,154.49776,0,2
379,213.91779,177.70627,130.89451044150073,154.65817,0,2
380,215.2543,176.6291,131.77319063458884,155.62303,0,2
381,211.43813,172.57327,134.27160163340696,150.87616,0,2
382,211.07344,172.45158,133.96993111794902,150.87839,0,2
383,211.1796,172.49884,133.8768381262079,151.15013,0,2
384,212.97523,170.798,139.53927068030592,145.0594,0,2
385,213.01985,170.54095,139.69603431073068,144.87566,0,2
386,213.02849,170.5364,139.71171735066406,144.88599,0,2
387,211.82022,167.71469,143.52635143926506,138.43253,0,2
388,211.20334,166.25671,145.9977811068367,132.36871,0,2
389,211.01514,166.32367,145.63684666231336,133.25764,0,2
390,207.67418,165.2614,144.94349717548485,133.32794,0,2
391,202.48438,164.81607,146.0894128044858,124.72277,0,2
392,202.68709,164.81923,146.16476688626938,124.73056,0,2
393,202.66454,164.80869,145.93246878554828,125.3198,0,2
394,200.09448,161.34827,148.34534705328318,118.452225,1,3
395,200.30974,161.53275,148.19465021115917,118.64061,1,3
396,200.76051,162.89853,146.46383574793646,119.79879,1,3
397,196.9003,162.13277,145.20072150615528,118.63396,1,3
398,196.67084,164.39899,144.3827748977254,114.423195,1,3
399,197.02908,164.43787,144.65415118778796,114.3953,1,3
400,197.04553,164.51166,144.55980868844097,114.42659,1,3
401,187.22153,175.37277,137.86311593152956,115.22179,1,3
402,188.324,172.79123,139.98727220283774,113.57944,1,3
403,188.25351,172.05458,140.38767884750717,113.1052,1,3
404,179.36676,182.30437,130.31419757357355,119.27886,1,3
405,178.62042,182.40916,130.05058076137402,118.68662,1,3
406,178.03989,182.8594,129.5498734284752,119.4476,1,3
407,181.17426,186.14383,129.72070332386755,119.913376,1,3
408,177.42139,184.64941,128.10403385743095,118.93811,1,3
409,177.99261,185.30266,128.09828361448496,116.70989,1,3
410,177.99551,185.30553,128.09692532127679,116.7153,1,3
411,168.73183,175.58975,128.01093119576942,113.659485,1,3
412,168.61568,175.75284,127.77513375712608,113.76197,1,3
413,168.56439,175.7337,127.74317255899089,113.818,1,3
414,157.26343,173.68242,120.00257354610169,114.20742,1,3
415,157.74925,173.41629,119.0816167620449,117.79428,1,3
416,157.70073,173.36133,118.98115646340796,117.70501,1,3
417,156.0581,173.16302,116.90128695183292,120.1842,1,3
418,150.71533,175.62537,111.69529014589124,122.1307,1,3
419,150.9614,175.29892,111.95026759899397,121.667694,1,3
420,150.98755,175.12509,112.09809241582761,121.23166,1,3
421,141.27094,178.73697,104.38114403764051,130.66512,1,5
422,141.97635,178.45775,104.69508147743112,130.75871,1,5
423,142.04346,178.44315,104.83535414688573,130.2875,1,5
424,128.65955,181.53464,95.40784062295138,139.59215,1,5
425,128.81726,181.3083,95.28624907617663,139.77217,1,5
426,129.01903,181.34033,95.46280992080344,139.5251,1,5
427,129.0833,181.29135,95.53446510816684,139.34102,1,5
428,116.53256,182.65118,86.91121643157994,148.94029,1,5
429,114.26841,185.36612,84.31194794599516,152.33098,1,5
430,114.02159,185.4624,84.1341628708315,152.61653,1,5
431,108.91205,183.9719,81.04639601636713,153.43423,1,5
432,109.81781,181.32771,81.28052624088804,152.68407,1,5
433,109.76072,181.07855,81.17528345328903,152.59082,1,5
434,109.02421,180.7523,76.93365416511267,156.88173,1,5
435,106.225586,184.19179,79.3081874353831,154.89223,1,5
436,106.369446,184.48685,79.28213017105814,154.91647,1,5
437,106.20244,185.04387,79.2422010037096,154.90932,1,5
438,108.9729,178.49669,76.51326920274894,157.33884,1,5
439,109.13179,178.55612,77.19313037674277,156.86685,1,5
440,109.358376,178.79236,77.02862025346505,157.2815,1,5
441,103.780945,184.73508,75.4659790610221,157.64044,1,5
442,103.325195,183.4966,75.09000665230276,157.37648,1,5
443,103.25682,183.19922,75.06433710224077,157.18297,1,5
444,106.99463,183.02576,78.38513782782181,155.19751,1,5
445,108.02797,182.69415,78.30993379636121,155.06358,1,5
446,108.48191,181.97134,79.30564601878149,152.56801,1,5
447,108.580444,181.81583,79.51244382288645,152.4647,1,5
448,111.885544,185.15819,83.40356490368393,149.98383,1,5
449,111.800026,185.40636,83.42103059318492,150.08385,1,5
450,111.8658,185.43127,83.58770908941317,149.87349,1,5
451,117.15503,186.3277,89.47697221701593,144.6055,1,5
452,119.43997,186.3644,90.88069464496922,144.37898,1,5
453,119.39398,186.63031,90.9240240261659,144.21594,1,5
454,123.936584,187.03981,95.90230178605003,142.29642,1,5
455,130.9321,188.82704,102.51951162730269,138.1917,1,5
456,131.03888,188.05786,102.23074531056167,137.3608,1,5
457,131.0548,188.07224,102.25457998170671,137.25404,1,5
458,138.57831,187.93037,105.89245763633227,135.40297,1,5
459,138.73169,187.4955,106.2654726366956,135.09483,1,5
460,138.98715,187.36179,106.5456438945188,134.8413,1,5
461,146.24776,186.08556,112.48824748746091,130.51678,1,5
462,145.8365,186.07545,112.19707749449054,130.54333,1,5
463,145.94374,186.0581,112.29578359551925,130.51845,1,5
464,147.63295,188.29239,112.69408272359044,131.568,1,5
465,153.15541,189.5852,113.62906692222927,130.52385,1,5
466,152.96973,189.71947,113.39218171840395,130.7403,1,5
467,153.01892,189.67215,113.42598313006827,130.74554,1,5
468,164.65163,186.32936,121.76236842505539,124.27974,1,3
469,164.5723,186.38123,121.70074174454949,124.311035,1,3
470,164.59648,186.3792,121.71337051026843,124.32072,1,3
471,172.1829,189.80597,125.8230941338292,120.777534,1,3
472,171.8648,189.97847,125.74357197158609,120.77422,1,3
473,171.70303,189.62424,125.79307769400526,120.4437,1,3
474,171.67441,189.59273,125.79338925422911,120.439316,1,3
475,175.35152,186.66476,123.3237565933597,132.60403,1,4
476,175.62762,186.88089,123.26743830157304,132.91652,1,4
477,175.43233,186.80292,123.20861336372175,132.87267,1,4
478,188.87094,194.00687,124.87107171378217,139.98682,1,4
479,189.32443,193.28079,125.07823062621257,139.77,1,4
480,188.59615,192.24179,124.80397862321782,140.31184,1,4
481,192.14484,191.89728,126.59454027182124,139.95569,1,4
482,197.33226,193.38434,125.09457392732267,146.71655,0,2
483,197.2482,193.21524,125.08939429892743,146.55156,0,2
484,197.26947,193.30664,125.08785007370315,146.57977,0,2
485,199.99475,191.99129,122.68844026603965,156.62823,0,2
486,199.74998,191.82127,122.33729234957767,157.30035,0,2
487,199.74355,191.90941,122.34888941871843,157.17398,0,2
488,204.32231,189.87798,124.93382467722968,156.04932,0,2
489,204.15071,190.14514,124.49791447345459,156.9306,0,2
490,204.00206,190.23433,124.32359316807546,157.29689,0,2
491,205.669,190.58339,124.49908717423142,158.4364,0,2
492,207.38557,187.91338,122.83282676906767,163.41301,0,1
493,207.36685,187.96387,122.80206906307768,163.39125,0,1
494,207.37054,187.94495,122.8455287576069,163.35785,0,1
495,211.32039,186.7767,124.29987309019084,164.46521,0,1
496,211.32472,186.54044,124.54376154376122,163.99113,0,2
497,211.21893,186.54956,124.52277263162286,163.89397,0,2
498,212.04012,184.34845,126.14442435610638,164.18112,0,2
499,212.14769,184.18945,126.17638551968658,163.95367,0,2
500,212.08563,184.23984,126.06582887465731,164.0856,0,2
501,212.08884,184.25764,126.51685366044767,163.2285,0,2
502,211.08008,179.80432,129.71070078141943,159.4856,0,2
503,211.04999,180.07555,129.63185886148244,159.32751,0,2
504,211.51077,180.91948,129.5963273139599,159.60187,0,2
505,213.68315,176.77367,134.3018189210414,154.53409,0,2
506,213.7403,176.71976,134.5429557764186,153.95297,0,2
507,213.7643,176.75175,134.55903860392033,153.85316,0,2
508,211.5352,174.75659,136.30176422963413,150.91095,0,2
509,211.70108,173.3979,138.52951237879185,148.01248,0,2
510,211.3691,173.38985,138.34789119497086,148.24135,0,2
511,211.3706,172.68143,139.5884330237166,146.49399,0,2
512,208.13144,168.74326,141.701808219513,143.16272,0,2
513,208.88152,168.66599,142.15004443256393,142.82631,0,2
514,208.92188,168.6348,142.1998352224596,142.766,0,2
515,203.6868,168.05328,142.8801029047039,136.2366,0,2
516,200.41724,168.40514,140.72842184988664,137.60864,0,2
517,200.4589,168.4302,140.73789662983637,137.63301,0,2
518,200.61319,168.36293,142.99952414774137,133.05621,0,2
519,199.62758,167.8526,143.78015388073604,129.31335,0,2
520,199.66528,167.46564,144.38938432971864,128.94713,0,2
521,199.67685,167.4263,144.40873784869848,128.94069,0,2
522,194.5647,168.74626,141.5835223071215,125.751724,1,3
523,194.31313,168.9845,141.22770904757118,126.27175,1,3
524,194.5998,169.1789,141.267323536166,126.29282,1,3
525,190.50012,165.40369,144.42031091108487,118.919815,1,3
526,189.88194,164.3194,145.07940696496246,118.09492,1,3
527,189.9061,164.24768,145.12970082167507,118.04711,1,3
528,187.28693,168.99818,140.3311612063612,120.45527,1,3
529,187.71733,169.60149,141.85666203530042,113.819214,1,3
530,187.78015,169.41768,142.0381473886837,113.52211,1,3
531,187.79333,169.4032,142.01918104823642,113.54856,1,3
532,171.85883,181.43872,129.60453585329952,116.41784,1,3
533,172.00989,181.0922,129.8358259712856,116.396255,1,3
534,171.97757,181.00873,129.90633139127223,116.319,1,3
535,169.52916,181.37085,124.78895725957022,122.35831,1,3
536,168.87416,180.5969,124.79102399027157,121.68197,1,3
537,169.46994,181.38582,124.75817866403725,122.238525,1,3
538,168.03258,179.65839,125.41979817431265,118.71935,1,3
539,168.29315,180.5037,123.71200721139016,126.41994,1,3
540,162.33243,176.57524,122.33204606343189,123.337265,1,3
541,162.593,176.5963,122.49093583519239,123.29924,1,3
542,187.04779,187.89224,123.27385930043452,140.60245,1,4
543,186.89024,187.64539,123.35141833842204,141.00737,1,4
544,186.74359,187.5858,123.4251141731839,140.85329,1,4
545,146.27078,179.55733,107.89968410448151,130.1227,1,5
546,146.39539,179.6269,108.2620736112284,129.58417,1,5
547,146.93486,179.375,108.55176380117018,129.36035,1,5
548,142.91512,177.00293,107.12782186844919,127.89766,1,5
549,135.91089,184.04013,102.90477476342942,131.96724,1,5
550,135.6928,184.04715,102.61109169565366,132.60135,1,5
551,135.60344,184.10085,102.2840176638642,133.07967,1,5
552,120.71367,181.32603,92.31060116776099,138.02072,1,5
553,120.67704,181.35774,92.22731606875308,138.18709,1,5
554,120.71598,181.40225,92.2798724971463,138.1329,1,5
555,111.70613,183.60849,82.9939411402041,150.2376,1,5
556,111.55173,183.58858,82.95276777418589,150.44261,1,5
557,111.25864,183.41458,82.6556675260446,150.71095,1,5
558,109.798676,183.66203,82.00398407557265,151.063,1,5
559,108.29269,183.86409,79.69383846517692,157.13176,1,5
560,107.56376,183.85497,79.17994825694402,157.67111,1,5
561,107.42869,183.69974,79.01913195850366,157.71452,1,5
562,103.09151,184.67282,75.8005437845816,159.51553,1,5
563,102.80382,184.28143,75.58750708277566,159.54721,1,5
564,102.144875,184.50095,75.90471748618009,157.99815,1,5
565,102.37848,185.70018,75.40791303718372,159.91585,1,5
566,101.95386,186.14725,75.06832574994411,160.10316,1,5
567,102.03721,185.96208,75.05682969022901,160.22142,1,5
568,101.99778,185.95789,75.0442973117998,160.17839,1,5
569,106.01368,184.74495,79.15978674531867,156.95695,1,5
570,105.53649,184.51086,79.00412931781823,156.47855,1,5
571,105.57364,184.54031,79.0687109220966,156.47691,1,5
572,107.19956,182.90887,80.59147209301902,155.04318,1,5
573,106.891884,182.77562,80.52321615747263,154.85045,1,5
574,106.95604,182.62645,80.48582859515413,154.80103,1,5
575,108.48974,183.75198,82.88041066387642,153.00934,1,5
576,107.46697,184.63902,80.26448067402227,154.13406,1,5
577,107.491035,184.74315,80.31033235714737,154.13632,1,5
578,107.48346,184.7197,80.35396424420557,153.98296,1,5
579,117.26575,187.12512,89.19224020119546,148.24776,1,5
580,114.62507,191.05153,85.54654502545621,153.32895,1,5
581,117.35502,187.24698,88.87061106995006,149.11038,1,5
582,124.21474,187.10739,95.51305466311364,143.49516,1,5
583,124.19089,186.97495,95.90702387033105,143.05968,1,5
584,124.36119,186.9766,95.95542466455792,143.27553,1,5
585,127.60303,188.12512,99.98490288101645,140.32076,1,5
586,135.90826,187.20386,107.1208749607102,133.36612,1,5
587,136.71973,187.14969,107.88704478960986,132.83424,1,5
588,133.5859,186.72205,103.31679658019449,138.91545,1,5
589,143.76938,192.89345,105.3479924402514,138.9098,1,5
590,143.85663,192.83688,105.52619190880179,138.76201,1,5
591,143.80788,192.84341,105.43938568935071,138.95491,1,5
592,147.3576,186.0494,111.56589150174699,132.4925,1,5
593,150.887,187.652,115.30635810356121,128.12312,1,5
594,150.67477,187.61444,115.00904592056999,128.42119,1,5
595,150.72394,187.61282,115.10669989341851,128.28026,1,5
596,161.54605,187.2297,119.39257379799615,127.39323,1,4
597,161.37047,187.43002,119.22959238407911,127.63705,1,4
598,161.31917,187.34018,119.20852098875183,127.63637,1,4
599,167.94284,190.85052,122.54728078587523,124.10629,1,3
600,167.86629,189.08215,123.96910020163534,122.274574,1,3
601,167.8485,189.09415,123.92478723771298,122.36001,1,3
602,167.89511,188.05038,123.59522823434584,121.70809,1,3
603,164.64299,183.43127,123.11246028590448,121.69418,1,3
604,164.8058,183.39032,123.26117297277904,121.32198,1,3
605,164.79953,183.44168,123.22781582266894,121.41998,1,3
606,164.44557,182.1131,122.10429489308993,126.15823,1,3
607,167.3185,182.7641,122.79528827683919,127.32262,1,4
608,166.60849,182.52429,122.63383544494174,127.005844,1,4
609,184.92627,189.76656,125.88410527704258,136.52142,1,4
610,183.81677,189.52861,125.49378069686183,136.25644,1,4
611,183.40662,189.47308,125.26167579561209,136.47246,1,4
612,149.29808,181.53986,112.38233399904922,133.15363,1,5
613,195.22507,191.70203,125.12466067800013,148.52695,0,2
614,195.25252,191.8468,124.91732603652237,149.24307,0,2
615,195.2557,191.77039,124.94531028986081,149.2329,0,2
616,197.84187,191.94815,121.63348417768205,156.16838,0,2
617,200.44835,191.89369,123.22774641843831,155.52306,0,2
618,200.70374,191.82147,123.30813712604814,155.6317,0,2
619,202.54242,189.44794,122.10248875677625,161.70972,0,1
620,202.23221,189.24368,121.81603407682724,162.08539,0,1
621,202.21999,189.23662,121.80195673590188,162.10866,0,1
622,203.43561,188.12093,122.55463026726488,162.01675,0,1
623,205.6156,187.2633,122.48418264321295,163.92894,0,1
624,205.63855,187.72734,122.07953216683482,163.26254,0,1
625,205.69714,187.72162,122.11120127501867,163.34184,0,1
626,208.33403,185.2017,124.42736727425645,163.42325,0,2
627,208.29019,185.10379,124.4371430696835,163.53725,0,2
628,208.08688,185.05849,124.34108673074562,163.60994,0,2
629,209.1396,182.21677,126.02945318137479,163.45125,0,2
630,209.88028,181.43616,126.90967816747907,163.08499,0,2
631,209.76471,181.3786,126.98514722457246,162.87392,0,2
632,209.78783,181.509,126.91841731630727,162.92805,0,2
633,211.07178,177.04193,131.78232673495532,155.38353,0,2
634,211.17422,176.95569,131.78187333386782,155.43642,0,2
635,211.18283,177.03809,131.7742484322212,155.42152,0,2
636,209.93565,174.62723,135.96466232552396,148.90854,0,2
637,209.9538,174.66049,136.00148827586733,148.72565,0,2
638,209.96768,174.67458,136.01532952997854,148.65848,0,2
639,210.12776,172.82387,138.5406009789538,146.28886,0,2
640,207.23613,171.22942,137.0070745586115,149.75206,0,2
641,207.37518,171.1448,137.2644679285716,149.38992,0,2
642,208.56857,171.35835,139.96186853830307,143.94987,0,2
643,204.37389,167.7532,143.64486864724998,132.5175,0,2
644,203.95702,167.42195,143.3684417037702,133.01518,0,2
645,203.97113,167.45969,143.30350527325248,133.00386,0,2
646,201.11017,165.23987,145.21035692057416,129.7838,0,2
647,201.08606,165.09923,145.6203929038347,128.99773,0,2
648,201.74841,165.38219,145.96095615171504,128.46492,0,2
649,196.91774,164.1507,145.6899450654905,123.00115,1,3
650,195.301,165.19083,143.8636021081523,125.25697,1,3
651,195.44754,165.44649,143.88990795186538,125.50099,1,3
652,195.4058,165.32294,143.9201212955429,125.45542,1,3
653,192.11354,166.85248,141.67941951038156,124.475876,1,3
654,191.95203,167.28629,141.28318763128402,125.17983,1,3
655,191.93726,167.34645,141.21668896249423,125.21505,1,3
656,184.5442,169.06152,139.4826349930763,117.140594,1,3
657,184.67273,168.72266,139.7984457168353,116.958565,1,3
658,184.63957,168.68523,139.8245363451478,116.914024,1,3
659,185.71576,168.74979,141.76465385576404,113.38115,1,3
660,175.85895,182.79688,129.97361165716222,117.54903,1,3
661,176.00006,182.76176,130.09047728062376,117.42915,1,3
662,176.00085,182.73895,130.10575482213287,117.40644,1,3
663,172.25603,181.89903,129.62225490037918,117.244354,1,3
664,172.30914,181.9284,129.51166588738167,117.41061,1,3
665,172.24692,181.98694,129.41041058150026,117.529884,1,3
666,165.69012,173.46823,130.09613787496053,108.46323,1,3
667,167.03288,177.59874,128.5022300488226,116.27267,1,3
668,167.35063,178.09433,128.33981966959936,116.8232,1,3
669,163.7489,177.72816,126.60848051757343,114.237404,1,3
670,156.45854,175.30684,119.67591446504426,120.87792,1,3
671,156.42656,174.79948,119.88871867598358,120.49156,1,3
672,157.36952,175.85277,120.81068235317777,119.39374,1,3
673,150.16678,179.31357,111.76315126527038,129.4279,1,5
674,148.00847,179.82927,109.85101078022576,130.12779,1,5
675,147.36642,179.10541,109.78078951413745,129.47266,1,5
676,143.87682,178.12187,107.8916148638743,132.29195,1,5
677,141.15027,178.56396,106.60925228363055,131.64084,1,5
678,140.60823,178.66014,105.9890683009887,132.7498,1,5
679,137.66849,179.67197,104.28136633460718,131.14597,1,5
680,127.865845,182.32059,96.32495182511886,137.07852,1,5
681,128.22127,182.48938,96.6607610298638,136.65482,1,5
682,128.01561,182.50333,96.46531468302443,136.75998,1,5
683,112.81339,181.38199,86.2569180447718,145.07314,1,5
684,112.622444,182.17131,85.41243209737394,148.017,1,5
685,112.624374,182.14355,85.49323863218919,148.02055,1,5
686,108.08658,183.85373,80.15194644961511,154.42155,1,5
687,108.266075,183.67448,80.28573078883291,154.51738,1,5
688,108.13383,183.50415,79.84996798834366,154.7338,1,5
689,108.15839,183.48135,79.95403797608552,154.77061,1,5
690,104.21882,182.73233,78.23349712130681,154.68309,1,5
691,103.69595,183.29697,78.32167833151894,154.50366,1,5
692,103.63805,183.28552,78.20496145271167,154.7805,1,5
693,102.86275,185.36969,77.97583707026514,157.39557,1,5
694,103.04931,185.48201,78.11693994228214,157.4629,1,5
695,103.08128,185.41734,78.13497678794714,157.45235,1,5
696,101.28023,185.73557,74.64348502792883,160.78842,1,5
697,100.13473,184.66705,74.03835707408055,160.47481,1,5
698,100.14729,184.90811,74.07624661732942,160.5744,1,5
699,100.18727,185.01863,74.17676244405006,160.55861,1,5
700,105.66818,182.42683,79.8412215410399,154.42445,1,5
701,106.24955,182.73265,78.50512034922897,157.31636,1,5
702,106.27221,182.81128,78.43202970955913,157.5034,1,5
703,106.60713,182.99744,78.83005826927915,154.54416,1,5
704,106.47116,182.45557,78.35318673009971,154.76697,1,5
705,106.46701,182.69519,78.51074768277775,154.52806,1,5
706,108.35475,185.04733,79.4324720226492,155.60371,1,5
707,108.17372,185.51904,79.63950854093876,155.46529,1,5
708,109.05927,185.32959,79.82678382839374,155.75433,1,5
709,109.109726,185.22241,79.81238016084383,155.76819,1,5
710,124.58278,190.836,90.46165862051164,151.91994,1,5
711,124.73418,188.77573,91.07293632997474,151.41335,1,5
712,124.76796,188.73573,91.06763304880306,151.47632,1,5
713,128.30312,187.5769,98.773338865727,140.01912,1,5
714,128.54965,187.84555,98.98484475293343,139.92735,1,5
715,128.8262,188.0631,99.10661740848239,140.02722,1,5
716,129.20984,187.88446,99.5559309209517,141.42688,1,5
717,136.18318,186.95851,106.31758777750085,135.12651,1,5
718,136.2421,187.11484,106.40549716541692,134.98708,1,5
719,136.75671,187.32681,106.80967226213808,134.65051,1,5
720,143.70877,195.4738,104.55548804404532,140.46727,1,5
721,144.97675,188.17595,110.75098342415689,132.15422,1,5
722,144.98723,188.14438,110.78730144539666,132.0092,1,5
723,152.96658,186.81119,114.61693600378712,131.41406,1,5
724,152.62483,186.94257,114.18065872298465,131.64464,1,5
725,152.7626,186.87132,114.47684396398645,131.2039,1,5
726,152.32053,187.16891,113.79822754623005,132.0377,1,5
727,164.22076,184.5095,122.28952113653128,124.735054,1,3
728,165.30263,185.4143,123.0933156793817,122.03973,1,3
729,165.10123,185.47763,122.83124168844083,121.981445,1,3
730,167.68701,190.05072,122.37850527385115,123.213066,1,3
731,167.46716,189.39838,122.65757010373062,122.07834,1,3
732,165.90479,186.61678,122.69936848309796,121.42909,1,3
733,164.41568,180.75154,123.39848844423325,119.77355,1,3
734,161.32042,177.98643,122.9554474844933,120.747536,1,3
735,161.36801,177.87903,123.00906940489452,120.641335,1,3
736,161.3123,177.82353,122.99758177704595,120.634605,1,3
737,172.19138,184.57205,121.74585754502345,134.70052,1,4
738,168.96295,183.82632,120.63189166497281,134.1002,1,4
739,170.0098,184.09932,120.91507689239386,134.3408,1,4
740,194.97475,191.27129,125.73078596442977,144.65114,0,2
741,195.046,191.38152,125.52802789447476,144.94894,0,2
742,194.53029,191.2255,125.47168698349701,144.79503,0,2
743,195.43051,191.90549,125.12427236416539,146.98006,0,2
744,197.58752,190.93916,123.30286996699412,155.18454,0,2
745,197.56525,190.9212,123.2593514556383,155.27017,0,2
746,197.5939,190.93407,123.2848806652693,155.23439,0,2
747,201.69962,190.25598,122.56676592686658,159.03,0,2
748,201.85883,190.1021,122.8375171477476,158.60127,0,2
749,201.68842,190.22072,122.6313698674736,158.79608,0,2
750,204.27415,188.5227,122.57969352707718,160.55972,0,1
751,205.35352,188.80496,121.73942427991774,162.74281,0,1
752,205.25542,189.09059,121.49301881491687,163.24864,0,1
753,206.13916,188.74237,121.75522713816848,164.08015,0,1
754,209.53288,187.64044,122.93382634962008,164.13411,0,1
755,209.32227,188.01039,122.54578989503882,164.65396,0,1
756,208.5266,187.54868,121.99757235746581,167.06702,0,1
757,210.73578,185.04918,124.56383509524599,165.91998,0,1
758,210.61368,182.86949,125.31061299168152,165.91527,0,1
759,210.68831,183.04785,125.45949358553703,165.60992,0,2
760,212.05232,181.29982,127.73472128349837,163.28542,0,2
761,212.66705,180.965,128.59085799576565,161.81987,0,2
762,212.41006,180.94968,128.6083152616743,161.68127,0,2
763,212.39838,180.98651,128.58774715902337,161.73456,0,2
764,214.25601,177.95695,132.69315712614247,156.23854,0,2
765,213.92111,178.05444,132.26007032408506,156.37167,0,2
766,213.97202,178.02768,132.32106944361337,156.30394,0,2
767,212.05907,175.19882,135.86263785258103,151.19943,0,2
768,211.81467,174.0367,137.1814021845812,149.43614,0,2
769,211.60307,174.14807,137.05096390252103,149.46985,0,2
770,209.48196,173.48889,138.3774205466107,147.0288,0,2
771,207.97003,171.04138,140.09524944901386,144.70688,0,2
772,209.52043,171.42221,140.96547396423335,142.59602,0,2
773,209.50122,171.47081,140.86571301918727,142.81752,0,2
774,207.59119,169.1625,144.17769546265902,135.00471,0,2
775,204.8313,166.84416,144.6767728285393,134.291,0,2
776,204.84348,166.98453,144.30975489656322,134.85747,0,2
777,202.04047,165.95609,144.3038547460377,132.01408,0,2
778,201.37186,164.73648,147.32367964944638,125.18083,0,2
779,201.32953,164.98877,146.93494939898198,125.97444,0,2
780,202.29033,163.06061,149.37274378970375,121.718445,0,2
781,198.23013,164.0491,147.07598462835404,119.579315,1,3
782,198.42572,164.02231,147.15185661845217,119.67483,1,3
783,198.34882,164.05972,147.00475737567456,119.860374,1,3
784,193.9503,163.66821,145.7543592867059,117.47197,1,3
785,193.83772,164.01956,145.41344712189004,117.699005,1,3
786,193.63275,163.87953,145.41616051490016,117.84424,1,3
787,188.98686,166.67429,142.7016864413613,116.28364,1,3
788,185.01639,170.83862,140.1312018402759,114.723335,1,3
789,184.84879,171.25644,139.6121604994703,115.64377,1,3
790,183.6972,171.00262,138.94823614214582,113.57657,1,3
791,180.48216,176.53665,133.9821700725465,114.735245,1,3
792,179.21701,175.50713,135.31848061474943,111.98294,1,3
793,179.31053,175.62569,135.36321913855264,111.95367,1,3
794,173.63231,182.40489,129.60757662833473,117.14767,1,3
795,173.43669,180.94614,129.76708116175666,118.23183,1,3
796,173.07716,180.55984,129.7060795905382,118.00512,1,3
797,170.12842,178.35503,128.14976983277344,117.364746,1,3
798,169.53757,178.42648,127.70274299370162,113.63385,1,3
799,170.30008,179.11101,127.60184727966032,114.19286,1,3
800,163.79877,176.50064,126.21839561651296,117.12627,1,3
801,165.34758,180.0684,121.40933139982525,124.699715,1,3
802,164.12297,179.82303,120.94891017407855,124.18753,1,3
803,164.05576,179.81558,120.92591275014978,124.19133,1,3
804,148.7365,177.68784,112.02468015645555,126.476654,1,5
805,147.6783,178.52612,108.90415328790536,128.71977,1,5
806,147.86024,179.0294,108.8799477405718,129.19923,1,5
807,139.18878,179.14322,104.70086464078982,128.21736,1,5
808,139.27344,179.05624,105.02485868891245,127.861725,1,5
809,139.24179,178.76462,105.0491044719709,127.85064,1,5
810,139.31017,178.81746,105.14323534064907,127.60017,1,5
811,129.87201,181.81506,97.07975293463643,136.83427,1,5
812,129.70447,181.58669,97.2731410567569,136.48648,1,5
813,129.66055,181.55319,97.16049361463556,136.63884,1,5
814,124.96514,186.50528,93.09876441836336,143.31412,1,5
815,114.40326,186.89827,83.91601693593392,152.48329,1,5
816,112.530304,183.8587,82.16213489703422,151.91891,1,5
817,107.0333,184.91743,79.30823522249993,154.27112,1,5
818,107.00424,185.14914,79.37923771561888,154.42679,1,5
819,107.05016,185.22948,79.33058747366131,154.52606,1,5
820,107.04498,185.19675,79.32835206189053,154.532,1,5
821,104.581764,185.9049,78.77515979334648,156.10265,1,5
822,104.53982,185.44217,79.16613593377436,154.92485,1,5
823,104.60094,185.34474,79.40639410940094,154.3988,1,5
824,102.45934,185.38951,76.40617497270647,157.50027,1,5
825,103.489555,185.55232,77.18893030852624,156.75278,1,5
826,102.65455,185.37053,76.48558914872984,157.2386,1,5
827,102.469086,185.11754,74.2264772786354,160.08653,1,5
828,102.44731,186.41821,72.60292920628754,164.48076,1,5
829,102.35248,186.50546,72.71213599184465,164.28218,1,5
830,102.370026,186.4815,72.6853751762768,164.34451,1,5
831,106.325096,185.27007,77.11109858987999,159.60172,1,5
832,106.012245,185.462,78.38737004006953,158.2931,1,5
833,105.60988,185.03522,78.11431641264508,157.90317,1,5
834,107.10804,185.32141,78.69590642826516,155.61272,1,5
835,107.60915,185.32101,78.85294428678958,155.86292,1,5
836,107.64304,185.28955,78.8682357267116,155.89963,1,5
837,108.58,185.14699,80.83024647080208,152.88724,1,5
838,110.594955,186.99588,82.9264388357471,152.62462,1,5
839,110.48177,186.85486,82.8378581256577,152.80038,1,5
840,112.61265,185.12473,85.56422261895094,150.10768,1,5
841,124.40332,190.62497,91.51205856591596,149.8166,1,5
842,127.471886,191.23962,91.54432589933374,153.77415,1,5
843,127.22618,191.17148,91.39037908946959,153.70226,1,5
844,130.02731,189.44617,102.83052995847383,137.03212,1,5
845,128.74576,189.0345,99.59828610096783,139.0169,1,5
846,128.66908,188.69731,99.51813624427567,139.33253,1,5
847,128.78989,188.63467,99.61215887972472,139.26846,1,5
848,136.96101,188.66905,109.21668514487973,128.49593,1,5
849,136.65704,188.71146,108.82429834452418,129.1708,1,5
850,137.25253,188.74803,109.3498538329792,128.80748,1,5
851,142.20963,187.65671,110.08079024640678,131.75972,1,5
852,147.58168,185.35405,114.14871333568918,127.780716,1,5
853,147.58081,185.49992,114.15113109126908,127.895424,1,5
854,148.92511,187.0759,113.55925979992152,129.67947,1,5
855,155.37833,186.13217,117.56348176363598,127.94576,1,4
856,155.43735,186.22845,117.58367949592906,128.2072,1,4
857,155.2861,186.2093,117.44333527158469,128.269,1,4
858,166.32373,185.2545,123.08916605690199,124.294014,1,3
859,166.5299,185.53094,123.08442154188968,124.52701,1,3
860,166.96298,185.76753,123.27337321593556,124.56102,1,3
861,169.80191,191.81091,122.79401668307567,122.70556,1,3
862,168.32793,188.45679,123.2952864704533,121.25026,1,3
863,168.32433,188.78769,123.23051446516433,121.57669,1,3
864,170.28638,186.60458,125.17622265868233,122.0834,1,3
865,168.03589,186.06357,122.61564935319956,128.30028,1,4
866,168.11497,185.94333,122.74967664717346,128.03166,1,4
867,167.86693,185.7483,122.7371101392901,127.85376,1,4
868,188.61115,191.90425,126.15451127284369,138.1266,1,4
869,188.56857,191.89877,126.06768781490096,138.18484,1,4
870,188.6565,191.85107,126.15213428086894,138.04579,1,4
871,191.47601,192.84587,124.32946530484713,144.91434,1,4
872,193.49176,193.63249,122.88068921470972,150.30077,0,2
873,193.34691,193.50507,122.58283047343552,150.69576,0,2
874,194.97987,194.16396,122.26858522271567,152.43208,0,2
875,197.27737,193.4758,121.52199958628044,156.0658,0,2
876,198.07532,194.1664,122.70685628135155,154.30504,0,2
877,198.07814,194.1546,122.71764468585954,154.28831,0,2
878,201.6743,193.0139,121.9567809250897,159.0029,0,1
879,202.98886,190.44202,123.11489442849624,158.56297,0,2
880,203.16039,190.54968,123.32051967634783,158.3941,0,2
881,205.20729,190.97243,122.42412257325782,161.84904,0,1
882,205.7184,190.30717,121.71186909839669,163.35423,0,1
883,205.19884,189.93034,121.6115904274386,163.20946,0,1
884,205.3905,188.70236,120.86712244917435,166.14647,0,1
885,209.4156,187.48451,123.97143093494071,165.00726,0,1
886,209.28458,187.44305,123.94839406967569,164.85359,0,1
887,209.3475,187.5064,123.99343192283791,164.90804,0,1
888,209.95491,183.93503,125.67670689364256,164.0858,0,2
889,209.89334,183.42465,125.75192037749385,164.02756,0,2
890,210.18715,183.33423,125.94064151207026,164.10172,0,2
891,210.87363,181.95468,127.45157485342132,162.23857,0,2
892,211.66203,181.18349,128.3690631206246,161.21635,0,2
893,211.70802,181.3107,128.3389967559585,161.3242,0,2
894,211.76996,181.4309,128.31333002513898,161.42181,0,2
895,212.32005,176.293,132.94911719751175,154.39948,0,2
896,212.59369,176.32458,133.09760930504706,154.16788,0,2
897,212.5481,176.35245,133.04262796305704,154.11926,0,2
898,212.76962,174.80296,136.64300901273927,150.15082,0,2
899,211.52762,173.33804,137.58220518530882,148.35115,0,2
900,210.56705,174.03061,136.72748951029953,148.75708,0,2
901,211.16089,172.58917,140.07467856424284,142.96465,0,2
902,209.44904,170.11356,142.50757589999878,140.47446,0,2
903,209.42638,170.0928,142.65490064399003,140.41731,0,2
904,209.57779,170.10497,142.62080324339496,140.64008,0,2
905,203.9748,167.78067,143.8327814231796,133.3167,0,2
906,204.18668,167.57263,144.11707301332387,133.26482,0,2
907,204.15329,167.60178,144.0642835858913,133.33461,0,2
908,201.71214,166.50005,145.8003322239846,125.17335,0,2
909,201.30025,164.73929,146.7729686711923,123.568375,0,2
910,201.49908,164.91261,146.57528620377053,123.54769,0,2
911,198.56857,165.7222,146.31845747971724,121.71502,1,3
912,196.96048,165.07266,145.45260783949035,121.27937,1,3
913,197.0066,165.07901,145.48565321239096,121.26163,1,3
914,196.97427,165.0701,145.48262164401888,121.15158,1,3
915,194.00117,165.57767,144.00224603990364,118.44736,1,3
916,193.5465,166.92719,142.88540000565544,119.45529,1,3
917,193.61583,166.76907,143.02371035083027,119.85538,1,3
918,182.7024,172.01492,137.82778105424345,117.62308,1,3
919,181.06793,173.78058,136.7074650934577,115.18081,1,3
920,180.89296,173.44412,137.05267812301418,114.39319,1,3
921,180.09184,175.77615,135.56315793073972,114.77969,1,3
922,175.62454,179.36774,132.43264403887298,114.91989,1,3
923,176.58958,179.61734,132.97870009100353,115.023415,1,3
924,179.21146,180.49013,134.8986951304398,115.66343,1,3
925,169.28044,178.70232,127.83441886078288,117.15622,1,3
926,166.77893,178.47571,124.92265722136047,118.160805,1,3
927,166.4703,178.60318,124.80355023523356,118.2994,1,3
928,160.9243,177.41089,122.52654018005127,119.51946,1,3
929,159.75092,178.19453,120.50631307914264,121.02061,1,3
930,159.82823,177.90741,120.70308060712803,120.82084,1,3
931,156.63649,176.26166,118.76468216749043,123.03002,1,3
932,153.55916,177.29814,116.93793729533311,125.98932,1,5
933,152.79832,176.5972,116.82120620926182,125.34116,1,5
934,152.99225,176.8656,116.71350284195269,125.797676,1,5
935,145.08485,177.27388,110.7326332393945,122.96953,1,5
936,142.10838,179.02475,107.709367532796,126.45174,1,5
937,142.13905,179.21136,107.69066926715023,126.61188,1,5
938,139.37639,180.52353,105.14880236794811,130.67937,1,5
939,132.16676,181.81812,99.3951376077962,135.32516,1,5
940,131.9798,181.44241,99.45060519239888,134.86354,1,5
941,131.90132,181.49985,99.46534185228279,134.81683,1,5
942,125.24749,186.1035,93.62096745946165,142.74738,1,5
943,125.137535,186.3205,93.40539075795432,143.19934,1,5
944,125.14868,186.31581,93.43054945112382,143.12617,1,5
945,116.59103,186.72989,88.65187317178767,145.90942,1,5
946,112.70833,187.51736,85.13796443109274,150.82538,1,5
947,113.10953,187.107,85.00125447023787,151.11688,1,5
948,106.91904,188.03845,79.3723518175192,155.84633,1,5
949,103.66339,186.28958,76.15391335879094,158.02145,1,5
950,103.26807,185.92514,76.08021429557876,157.5092,1,5
951,103.279366,186.04628,75.98219066010034,157.74908,1,5
952,104.44218,185.30794,78.60320408753645,155.69917,1,5
953,104.38027,185.4047,78.65964972188952,155.5996,1,5
954,104.266075,185.23482,78.47309929891647,155.71236,1,5
955,103.18009,186.7227,74.25902355559609,162.9444,1,5
956,104.17252,187.3447,75.51851343225367,161.64066,1,5
957,104.09378,187.24898,75.45038302578595,161.72717,1,5
958,105.27632,185.81262,76.24803039046385,160.68199,1,5
959,107.215416,184.23523,79.49096709317843,158.04282,1,5
960,104.28925,184.32391,75.3480455764487,161.20634,1,5
961,104.33002,184.44498,75.34184172061184,161.30742,1,5
962,107.38713,184.11945,77.29773132105188,160.29054,1,5
963,107.50025,184.14212,77.34228871621005,160.24084,1,5
964,107.41325,184.16437,77.22719063573683,160.36559,1,5
965,107.888885,186.94408,79.1028562081656,158.5788,1,5
966,109.330696,187.1861,80.9583403387506,156.1961,1,5
967,109.47179,187.22702,81.1281336525647,156.12901,1,5
968,109.48938,187.03131,81.01279202718605,156.29466,1,5
969,113.47852,189.16052,83.67728458037587,154.5422,1,5
970,113.73158,189.56068,84.21742314896157,154.06589,1,5
971,113.79316,189.43402,84.15694209280329,154.181,1,5
972,128.9811,191.46255,94.26565481505092,149.75749,1,5
973,133.42223,191.17137,97.31061999935147,148.17358,1,5
974,133.3937,191.29639,97.47806710919838,147.94461,1,5
975,133.44484,188.04684,102.75530212586875,137.76218,1,5
976,135.39206,188.68848,104.45180578599526,136.2082,1,5
977,134.62794,188.75165,103.46706125039937,137.0523,1,5
978,138.61076,189.06958,106.48402061886068,135.07285,1,5
979,142.88525,188.60387,109.72711669041445,132.65532,1,5
980,143.46402,188.4261,110.21703189358789,132.07564,1,5
981,143.47192,188.40439,110.23429954742763,132.03981,1,5
982,148.80585,187.87634,110.63604747124361,132.74562,1,5
983,151.26822,188.01517,111.66353592720309,132.71762,1,5
984,150.09293,188.3511,110.98924932075937,132.71475,1,5
985,159.14636,187.75319,117.43751512412676,128.3839,1,4
986,161.49953,187.55896,119.26667448392175,126.40625,1,4
987,161.47836,187.7625,119.16169812988903,126.67253,1,4
988,161.46364,187.74184,119.15167134922471,126.63431,1,4
989,166.84392,190.75243,121.47176661713675,124.72365,1,3
990,166.95786,190.83699,121.54279036504892,124.68682,1,3
991,166.92627,190.79623,121.54307888018958,124.72844,1,3
992,167.15854,188.89737,121.76979948295204,125.3744,1,3
993,174.78151,190.51112,123.34480357382107,130.36098,1,4
994,175.05971,191.26186,123.12766153068635,131.14581,1,4
995,182.50108,194.23932,122.5134096391771,138.44373,1,4
996,185.35718,191.38327,122.74790220563527,142.16478,1,4
997,185.31192,191.39871,122.69476248027375,142.24072,1,4
998,185.29532,191.42226,122.69062742557566,142.24222,1,4
999,190.3034,193.01234,121.25101580719654,148.62068,1,4
1000,190.51181,192.99806,121.47529830427803,148.33298,1,4
1001,190.62921,193.05275,121.46212522907157,148.41826,1,4
1002,195.25893,193.829,119.99872278341644,155.58951,0,1
1003,195.84418,192.94226,119.85000977650259,156.92563,0,1
1004,196.08842,193.06535,119.67091482252842,157.11057,0,1
1005,197.16444,192.87567,119.66112850586273,158.75635,0,1
1006,200.05766,192.66277,120.35170547927338,160.68065,0,1
1007,200.18573,192.739,120.3315480116611,160.9835,0,1
1008,200.07983,191.98358,120.34967925638148,160.28839,0,1
1009,205.4332,190.31271,122.83739927557737,160.25311,0,2
1010,205.3744,190.37115,122.72809339150055,160.52219,0,1
1011,205.38448,190.40996,122.6784668484387,160.69328,0,1
1012,205.86798,189.65865,120.76548260102247,164.44229,0,1
1013,209.25787,188.41978,123.6317825816075,162.55907,0,1
1014,209.23149,188.59093,123.12548393769676,163.36205,0,1
1015,209.6755,186.95438,124.15482881155636,162.8193,0,2
1016,210.65585,185.2868,125.32095898357133,163.83401,0,2
1017,210.32253,185.35867,125.05331714723319,164.13065,0,2
1018,210.30568,185.27635,125.07026466250916,164.17476,0,2
1019,211.36589,182.96909,127.00568864714648,161.73473,0,2
1020,211.21092,181.33466,128.32143043198326,159.93309,0,2
1021,211.21878,181.36023,128.27435103504902,160.0512,0,2
1022,211.03079,180.01405,128.88403138658626,159.17296,0,2
1023,212.09332,176.08603,132.02782726109785,154.37627,0,2
1024,212.24924,176.0308,132.19712487742166,154.22278,0,2
1025,211.5313,175.51811,132.5543519060941,152.07549,0,2
1026,210.71603,173.14594,135.75349725572593,148.0758,0,2
1027,210.86563,173.28755,135.75719758764694,148.14186,0,2
1028,210.80205,173.2141,135.647261343839,148.3421,0,2
1029,210.3074,171.57524,140.82073153187497,142.43329,0,2
1030,208.10141,169.72855,141.60563275710652,140.02307,0,2
1031,208.46408,169.95749,141.54693890591687,140.52501,0,2
1032,208.05034,168.09792,141.93530269780913,137.87286,0,2
1033,205.17224,167.18259,141.76441106163244,136.15704,0,2
1034,205.17865,167.22668,141.7638371897848,135.89354,0,2
1035,205.1331,167.22972,141.67002990522462,136.02022,0,2
1036,200.94016,164.66602,144.85699762104986,130.45238,0,2
1037,200.56424,164.97104,144.4192544108571,131.03764,0,2
1038,200.95981,164.86467,144.66781950607185,130.8292,0,2
1039,197.55917,161.89407,145.05604557670213,124.0802,1,3
1040,193.21954,163.65363,143.41306920406097,122.39529,1,3
1041,192.89563,163.74081,142.94357488410805,123.025536,1,3
1042,196.18784,163.30942,144.93866364536714,122.56417,1,3
1043,193.62286,166.23473,139.95555687285304,124.59849,1,3
1044,190.01646,166.13826,139.51752487739313,121.66263,1,3
1045,190.754,166.03546,139.87756537705965,121.818565,1,3
1046,182.59755,172.14131,135.6727726042892,116.37481,1,3
1047,182.717,172.19829,135.5331866746701,116.630745,1,3
1048,182.78531,172.24496,135.48409972706622,116.720184,1,3
1049,181.41838,175.41504,132.88013168170636,117.36655,1,3
